Title,Author,Status,Format,Genres,Mood,Year,Rating
War and Peace,Leo Tolstoy,Owned,Audiobook,Classic Literature; Historical Fiction,Adventurous; Thought-provoking,1845,
Vanity Fair,William Makepeace Thackeray,Owned,Audiobook,Comedy; Classic Literature,Adventurous; Whimsical,1800,
The Four Horsemen,Richard Dawkins; Sam Harris; Daniel C. Dennett; Christopher Hitchens,Owned,Audiobook,Philosophy,Thought-provoking,1983,
Artemis Fowl Collection,Eoin Colfer,Owned,Audiobook,Fantasy; Comedy,Adventurous; Whimsical,2005,
Nevermoor,Jessica Townsend,Owned,Audiobook,Fantasy; Children's,Adventurous; Cozy; Whimsical,2017,
W. M. Thackeray: A BBC Radio Drama Collection,William Makepeace Thackeray,Owned,Audiobook,Poetry & Drama; Comedy,Adventurous; Whimsical,,
Mike and Psmith,P. G. Wodehouse,Owned,Audiobook,Comedy; Classic Literature,Adventurous; Whimsical,1935,
The Enchanted April,Elizabeth von Arnim,Owned,Audiobook,Classic Literature; Fiction,Cozy,1922,
The Light Between Oceans,M. L. Stedman,Owned,Audiobook,Poetry & Drama; Historical Fiction,Suspenseful; Bittersweet,2012,
Nanny McPhee and The Big Bang,Emma Thompson,Owned,Audiobook,Fantasy; Comedy,Cozy; Whimsical,2010,
The Aeneid,Virgil,Owned,Audiobook,Mythology; Poetry & Drama,Adventurous,1592,
The Odyssey,Homer,Owned,Audiobook,Mythology; Poetry & Drama,Adventurous,1488,
The Iliad,Homer,Owned,Audiobook,Mythology; Poetry & Drama,Adventurous,1505,
A Short History of Nearly Everything 2.0,Bill Bryson,Owned,Audiobook,Nonfiction,Adventurous; Thought-provoking,1200,
The Spear Cuts Through Water,Simon Jimenez,Owned,Audiobook,Fantasy; Classic Literature,Adventurous,2022,
East of Eden,John Steinbeck,Owned,Audiobook,Philosophy; Classic Literature,Thought-provoking; Bittersweet,1952,
BBC Radio Shakespeare: Eight Comedies,William Shakespeare,Owned,Audiobook,Poetry & Drama; Comedy,Whimsical,1975,
BBC Radio Shakespeare: Six Tragedies,William Shakespeare,Owned,Audiobook,Poetry & Drama,Dark & Moody; Thought-provoking,1603,
Brave New World,Aldous Huxley,Owned,Audiobook,Sci-Fi,Dark & Moody; Thought-provoking,1932,
The Count of Monte Cristo,Alexandre Dumas,Owned,Audiobook,Historical Fiction,Adventurous; Fast-paced,1830,
Persuasion,Jane Austen,Owned,Audiobook,Romance; Classic Literature,Cozy; Thought-provoking; Slow & Contemplative,1789,
Take Me To Your Leader,Neil deGrasse Tyson,Owned,Audiobook,Nonfiction,Adventurous; Thought-provoking; Whimsical,2007,
Shirley,Charlotte Brontë,Owned,Audiobook,Romance; Classic Literature,Suspenseful,1800,
Mansfield Park,Jane Austen,Owned,Audiobook,Romance; Comedy,,1814,
A Room of One's Own,Virginia Woolf,Owned,Audiobook,Nonfiction; Classic Literature,Thought-provoking,1929,
The Charles Dickens Collection,Charles Dickens,Owned,Audiobook,Classic Literature,Adventurous,1822,
84 Charing Cross Road,Helene Hanff,Owned,Audiobook,Nonfiction; Classic Literature,Cozy,1970,
The Alchemist,Paulo Coelho,Owned,Audiobook,Philosophy; Fiction,Thought-provoking; Slow & Contemplative; Uplifting,1988,
The Starless Sea,Erin Morgenstern,Owned,Audiobook,Fantasy; Classic Literature,Suspenseful,2019,
The Night Circus,Erin Morgenstern,Owned,Audiobook,Fantasy,Cozy; Suspenseful,2011,
Middlemarch,George Eliot,Owned,Audiobook,Classic Literature; Fiction,Slow & Contemplative,1800,
The Invisible Life of Addie LaRue,V. E. Schwab,Owned,Audiobook,Fantasy; Romance,Suspenseful; Bittersweet,2015,
To Kill a Mockingbird,Harper Lee,Owned,Audiobook,Classic Literature,Heartwarming; Thought-provoking,1960,
Poirot's Finest Cases,Agatha Christie,Owned,Audiobook,Mystery & Thriller; Poetry & Drama,Fast-paced; Whimsical,2013,
More of Poirot's Finest Cases,Agatha Christie,Owned,Audiobook,Mystery & Thriller; Poetry & Drama,Adventurous; Fast-paced; Whimsical,,
The Eye of the World,Robert Jordan,Owned,Audiobook,Fantasy,Adventurous; Thought-provoking,1990,
The Shepherd's Life,James Rebanks,Owned,Audiobook,Nonfiction,Thought-provoking; Slow & Contemplative,2015,
English Pastoral,James Rebanks,Owned,Audiobook,Nonfiction,Thought-provoking; Slow & Contemplative,2020,
The Body: A Guide for Occupants,Bill Bryson,Owned,Audiobook,Nonfiction,Thought-provoking; Whimsical,2019,
Love for Imperfect Things,Haemin Sunim,Owned,Audiobook,Philosophy; Self-Help,Cozy; Thought-provoking; Slow & Contemplative,2018,
All Things Bright and Beautiful,James Herriot,Owned,Audiobook,Comedy; Nonfiction,Cozy; Slow & Contemplative,1974,
Origins of The Wheel of Time,Michael Livingston,Owned,Audiobook,Fantasy; Mythology,Adventurous; Thought-provoking,2022,
Dune,Frank Herbert,Owned,Audiobook,Sci-Fi,Adventurous; Thought-provoking,1965,
The Life-Changing Magic of Tidying,Marie Kondo,Owned,Audiobook,Self-Help,Slow & Contemplative,2019,
The Little Book of Hygge,Meik Wiking,Owned,Audiobook,Self-Help,Cozy,2016,
Cold Comfort Farm,Stella Gibbons,Owned,Audiobook,Comedy; Classic Literature,Slow & Contemplative; Whimsical,1932,
Tools of Titans,Tim Ferriss,Owned,Audiobook,Self-Help,Uplifting,2016,
A Bit of Fry & Laurie,Stephen Fry; Hugh Laurie,Owned,Audiobook,Comedy,Whimsical,2014,
Don Quixote,Miguel de Cervantes,Owned,Audiobook,Comedy; Classic Literature,Adventurous; Whimsical,1600,
Mindful Zen Habits,Marc Reklau; Manuel Villa,Owned,Audiobook,Self-Help,Thought-provoking; Slow & Contemplative,2021,
The Midnight Gang,David Walliams,Owned,Audiobook,Comedy; Children's,Adventurous; Cozy,2016,
The Picture of Dorian Gray,Oscar Wilde,Owned,Audiobook,Gothic; Classic Literature,Dark & Moody; Suspenseful,1890,
How To Talk So People Will Listen,Lizzie Waterworth,Owned,Audiobook,Self-Help,Uplifting,2023,
A Bear Called Paddington,Michael Bond,Owned,Audiobook,Comedy; Children's,Cozy; Whimsical,1960,
The Enormous Crocodile,Roald Dahl; Quentin Blake,Owned,Audiobook,Children's; Fiction,Whimsical,1978,
The Christmas Pig,J. K. Rowling,Owned,Audiobook,Fantasy; Children's,Adventurous; Heartwarming,2021,
The Psychology of Money,Morgan Housel,Owned,Audiobook,Self-Help; Nonfiction,Thought-provoking,2020,
Slow Productivity,Cal Newport,Owned,Audiobook,Self-Help,Slow & Contemplative,2024,
The Things You Can See Only When You Slow Down,Haemin Sunim,Owned,Audiobook,Philosophy; Self-Help,Cozy; Slow & Contemplative,2017,
Make Epic Money,Ankur Warikoo,Owned,Audiobook,Self-Help,Uplifting,,
To the Lighthouse,Virginia Woolf,Owned,Audiobook,Classic Literature; Fiction,Thought-provoking; Slow & Contemplative; Suspenseful,1927,
Normal People,Sally Rooney,Owned,Audiobook,Classic Literature; Fiction,Bittersweet,2018,
The Greatest Show on Earth,Richard Dawkins,Owned,Audiobook,Nonfiction,Thought-provoking,2009,
Universe in a Nutshell,Stephen Hawking,Owned,Audiobook,Nonfiction,Adventurous; Thought-provoking,2000,
The Theory of Everything,Stephen Hawking,Owned,Audiobook,Nonfiction,Adventurous; Thought-provoking,2002,
Limitless,Jim Kwik,Owned,Audiobook,Self-Help,Uplifting,2020,
Penguin Sleep Tales,Penguin,Owned,Audiobook,Fiction,Cozy,1800,
Love in the Time of Cholera,Gabriel García Márquez,Owned,Audiobook,Romance; Classic Literature,Bittersweet,1985,
Angels in America,Tony Kushner,Owned,Audiobook,Poetry & Drama,Dark & Moody; Thought-provoking,1993,
Treasure Island,Robert Louis Stevenson,Owned,Audiobook,Classic Literature,Adventurous,1880,
Make Time,Jake Knapp; John Zeratsky,Owned,Audiobook,Self-Help,Uplifting,2018,
The Tales of Max Carrados,Ernest Bramah,Owned,Audiobook,Mystery & Thriller; Comedy,Suspenseful; Whimsical,2016,
George Cragge: In the Red & Other Mysteries,Mark Tavener,Owned,Audiobook,Mystery & Thriller; Poetry & Drama,Fast-paced; Whimsical,,
"Shakespeare's Sonnets, Retold",William Shakespeare; James Anthony,Owned,Audiobook,Romance; Poetry & Drama,Thought-provoking,1508,
The Arabian Nights,Andrew Lang,Owned,Audiobook,Fantasy,Adventurous,1898,
Aesop's Fables,Aesop,Owned,Audiobook,Classic Literature,Whimsical,1848,
Lord Peter Wimsey: BBC Radio Drama Collection Volume 1,Dorothy L. Sayers,Owned,Audiobook,Mystery & Thriller; Poetry & Drama,Suspenseful; Whimsical,2018,
Yes Minister & Yes Prime Minister,Antony Jay; Jonathan Lynn,Owned,Audiobook,Comedy,Whimsical,1989,
The Brothers Karamazov,Fyodor Dostoyevsky,Owned,Audiobook,Philosophy; Classic Literature,Dark & Moody; Thought-provoking,1880,
Classics of American Literature,Arnold Weinstein,Owned,Audiobook,Classic Literature,Thought-provoking,1998,
The Happy Prince & Other Tales,Oscar Wilde,Owned,Audiobook,Fantasy; Classic Literature,Heartwarming; Whimsical; Bittersweet,1888,
The Oscar Wilde Collection,Oscar Wilde,Owned,Audiobook,Gothic; Poetry & Drama,Dark & Moody; Whimsical,1890,
The Ultimate Horror Collection,Various,Owned,Audiobook,Gothic; Horror,Dark & Moody; Suspenseful,1818,
A Woman of No Importance,Oscar Wilde,Owned,Audiobook,Poetry & Drama; Comedy,Whimsical,1893,
Readers Digest's Humor in Uniform,Reader's Digest,Owned,Audiobook,Comedy,Whimsical; Nostalgic,2008,
Studying Wuthering Heights,Emily Brontë,Owned,Audiobook,Classic Literature,Dark & Moody; Thought-provoking; Suspenseful,1846,
The Mysteries of Udolpho,Ann Radcliffe,Owned,Audiobook,Mystery & Thriller; Romance,Adventurous; Dark & Moody; Suspenseful,1794,
David Copperfield,Charles Dickens,Owned,Audiobook,Classic Literature,Cozy; Thought-provoking; Bittersweet,1800,
The Zenith of Sacrifice,Kalki Krishnamurthy,Owned,Audiobook,Historical Fiction; Fiction,Adventurous,,
The Jewelled Crown,Kalki Krishnamurthy,Owned,Audiobook,Historical Fiction; Fiction,Adventurous,1966,
The Fountainhead,Ayn Rand,Owned,Audiobook,Philosophy; Fiction,Adventurous; Dark & Moody; Thought-provoking,1943,
The Ultimate Classics Collection – Volume One,Various Classic Authors,Owned,Audiobook,Classic Literature,Adventurous,1200,
The Steal Like an Artist Audio Trilogy,Austin Kleon,Owned,Audiobook,Self-Help,Whimsical; Uplifting,2020,
Inglorious Empire,Shashi Tharoor,Owned,Audiobook,Nonfiction; Historical Fiction,Thought-provoking,2017,
Shyam: An Illustrated Retelling of the Bhagavata,Devdutt Pattanaik,Owned,Audiobook,Mythology,Thought-provoking,2018,
Wisdom of the Gods for You and Me,Devdutt Pattanaik,Owned,Audiobook,Mythology; Philosophy,Thought-provoking,1200,
Daughters of the Sun,Ira Mukhoty,Owned,Audiobook,Nonfiction; Historical Fiction,Thought-provoking,2018,
KiMu KiPi,Madhan,Owned,Audiobook,Comedy; Nonfiction,Thought-provoking,,
Vandargal Vendrargal,Madhan,Owned,Audiobook,Nonfiction; Historical Fiction,Adventurous,,
"Good Vibes, Good Life",Vex King,Owned,Audiobook,Self-Help,Uplifting,2015,
Jonathan Livingston Seagull,Richard Bach,Owned,Audiobook,Philosophy; Fiction,Thought-provoking; Slow & Contemplative; Uplifting,1970,
The Beatrix Potter Collection,Beatrix Potter,Owned,Audiobook,Children's; Classic Literature,Cozy; Whimsical,1900,
Atlas Shrugged,Ayn Rand,Owned,Audiobook,Philosophy; Fiction,Adventurous; Dark & Moody; Thought-provoking,1936,
The Upanishads: Stories of the Self,Graham Burns,Owned,Audiobook,Philosophy,Slow & Contemplative,2009,
The Thirteen Principal Upanishads,Various,Owned,Audiobook,Philosophy,Thought-provoking; Slow & Contemplative,,
Olympus: An Indian Retelling of the Greek Myths,Devdutt Pattanaik,Owned,Audiobook,Mythology,Whimsical,,
The Ocean of Churn,Sanjeev Sanyal,Owned,Audiobook,Nonfiction; Historical Fiction,Adventurous; Thought-provoking,,
The White Album,Joan Didion,Owned,Audiobook,Nonfiction; Classic Literature,Slow & Contemplative,1979,
Slouching Towards Bethlehem,Joan Didion,Owned,Audiobook,Nonfiction; Classic Literature,Thought-provoking; Suspenseful,1967,
Remarkably Bright Creatures,Shelby Van Pelt,Owned,Audiobook,Fiction,Cozy; Bittersweet,2022,
Generative AI,Harvard Business Review,Owned,Audiobook,Nonfiction,Thought-provoking,2024,
Raising Mentally Strong Kids,Daniel G. Amen; Charles Fay,Owned,Audiobook,Nonfiction,Uplifting,2024,
The Hobbit (Dramatised),J. R. R. Tolkien,Owned,Audiobook,Fantasy; Poetry & Drama,Adventurous; Cozy,1937,
From the Wizarding Archive,J. K. Rowling,Owned,Audiobook,Fantasy,Adventurous; Nostalgic,,
Pirate Stew,Neil Gaiman; Chris Riddell,Owned,Audiobook,Children's; Fiction,Whimsical,2020,
Nexus,Yuval Noah Harari,Owned,Audiobook,Nonfiction,Thought-provoking,2024,
Dopamine Detox,Thibaut Meurisse,Owned,Audiobook,Self-Help,Uplifting,2021,
Bridget Jones's Diary,Helen Fielding,Owned,Audiobook,Romance; Comedy,Cozy,1996,
Paddington at Work,Michael Bond,Owned,Audiobook,Comedy; Children's,Cozy; Whimsical,1966,
Neverwhere,Neil Gaiman,Owned,Audiobook,Fantasy; Poetry & Drama,Adventurous; Dark & Moody,1996,
Fourth Wing,Rebecca Yarros,Owned,Audiobook,Fantasy; Romance,Adventurous; Fast-paced,2023,
The Sun and the Star,Rick Riordan; Mark Oshiro,Owned,Audiobook,Fantasy; Mythology,Adventurous; Bittersweet,2023,
The Other Bennet Sister,Janice Hadlow,Owned,Audiobook,Romance; Historical Fiction,Cozy,2020,
BBC Radio Shakespeare: A Collection of Eight Comedies,William Shakespeare,Owned,Audiobook,Poetry & Drama; Comedy,Whimsical,1975,
BBC Radio Shakespeare: A Collection of Six Tragedies,William Shakespeare,Owned,Audiobook,Poetry & Drama; Classic Literature,,1603,
The Thursday Murder Club,Richard Osman,Owned,Audiobook,Mystery & Thriller; Comedy,Cozy,2020,
The Correspondent,Virginia Evans,Owned,Audiobook,Classic Literature; Fiction,Bittersweet,2025,
Yesteryear,Caro Claire Burke,Owned,Audiobook,Classic Literature; Fiction,Thought-provoking,2026,
The Crossing,Andrew Miller,Owned,Audiobook,Classic Literature; Historical Fiction,,2015,
A Confederacy of Dunces,John Kennedy Toole,Owned,Audiobook,Comedy; Classic Literature,Whimsical,1980,
Italo Calvino: A BBC Radio Collection,Italo Calvino,Owned,Audiobook,Fantasy; Classic Literature,Whimsical,,
The Wind in the Willows,Kenneth Grahame,Owned,Audiobook,Classic Literature,Cozy,1908,
Braiding Sweetgrass,Robin Wall Kimmerer,Owned,Audiobook,Nonfiction,Thought-provoking,2013,
We Have Always Lived in the Castle,Shirley Jackson,Owned,Audiobook,Gothic,Dark & Moody; Suspenseful,1962,
The Haunting of Hill House,Shirley Jackson,Owned,Audiobook,Gothic,Dark & Moody,1959,
The Blue Castle,L. M. Montgomery,Owned,Audiobook,Romance,Cozy; Uplifting,1926,
Vera Wong’s Unsolicited Advice for Murderers,Jesse Sutanto,Owned,Audiobook,Mystery & Thriller,Cozy,2023,
Everything All at Once,Bill Nye,Owned,Audiobook,Nonfiction,Thought-provoking,2017,
The Canterbury Tales,Geoffrey Chaucer,Owned,Audiobook,Comedy; Classic Literature,,1478,
Hyperion,Dan Simmons,Owned,Audiobook,Sci-Fi; Classic Literature,Adventurous,1989,
The Grapes of Wrath,John Steinbeck,Owned,Audiobook,Classic Literature; Historical Fiction,,1939,
Wuthering Heights,Emily Brontë,Owned,Audiobook,Romance; Gothic,Dark & Moody,1846,
The Secret Garden,Frances Hodgson Burnett,Owned,Audiobook,Classic Literature,Cozy,1911,
The Cruel Prince,Holly Black,Owned,Audiobook,Fantasy,,2018,
The Tales of Beedle the Bard,J. K. Rowling,Owned,Audiobook,Fantasy,,2008,
A Psalm for the Wild-Built,Becky Chambers,Owned,Audiobook,Sci-Fi,Cozy; Uplifting,,
The Little Prince,Antoine de Saint-Exupéry,Owned,Audiobook,Philosophy; Classic Literature,Heartwarming; Thought-provoking,1943,
The Canterville Ghost,Oscar Wilde,Owned,Audiobook,Gothic; Comedy,Dark & Moody; Whimsical,1887,
Before the Coffee Gets Cold,Toshikazu Kawaguchi,Owned,Audiobook,Fantasy,Cozy; Bittersweet,2015,
Tales from the Cafe,Toshikazu Kawaguchi,Owned,Audiobook,Fantasy,Cozy; Bittersweet,2015,
The Paris Library,Janet Skeslien Charles,Owned,Audiobook,Classic Literature; Historical Fiction,,2020,
The Great Hunt,Robert Jordan,Owned,Audiobook,Fantasy,Adventurous,1990,
The Dragon Reborn,Robert Jordan,Owned,Audiobook,Fantasy,Adventurous,1991,
The Body,Bill Bryson,Owned,Audiobook,Nonfiction,Thought-provoking,2019,
"The Boy, the Mole, the Fox and the Horse",Charlie Mackesy,Owned,Audiobook,Fiction,Cozy,2019,
Zen: The Art of Simple Living,Shunmyo Masuno,Owned,Audiobook,Self-Help,,2019,
The Natural Navigator,Tristan Gooley,Owned,Audiobook,Fiction,,2010,
The Midnight Library,Matt Haig,Owned,Audiobook,Fiction,Thought-provoking; Uplifting,2020,
A Thousand Ships,Natalie Haynes,Owned,Audiobook,Mythology,Adventurous,2019,
Sword of Slaughter,Kalki R. Krishnamurthy,Owned,Audiobook,Historical Fiction,Adventurous,2007,
Whirlwinds,Kalki Krishnamurthy,Owned,Audiobook,Historical Fiction,Adventurous,2000,
"Life, the Universe, and Everything",Douglas Adams,Owned,Audiobook,Sci-Fi; Comedy,,1982,
Lincoln in the Bardo,George Saunders,Owned,Audiobook,Classic Literature; Historical Fiction,,2017,
Down and Out in Paris and London,George Orwell,Owned,Audiobook,Nonfiction,,1933,
Children of Blood and Bone,Tomi Adeyemi,Owned,Audiobook,Fantasy; Mythology,Adventurous,2017,
Beautiful Ruins,Jess Walter,Owned,Audiobook,Romance; Classic Literature,,2012,
A Rage in Harlem,Chester Himes,Owned,Audiobook,Mystery & Thriller; Classic Literature,,1957,
Nelson Mandela's Favorite African Folktales,Various,Owned,Audiobook,Fantasy; Mythology,,2007,
Legends & Lattes,Travis Baldree,Owned,Audiobook,Fantasy,Cozy,2024,
The Hobbit,J. R. R. Tolkien,Owned,Audiobook,Fantasy,Adventurous; Cozy,1937,
The Anne of Green Gables Collection,L. M. Montgomery,Owned,Audiobook,Classic Literature,Cozy,1908,
Pride and Prejudice,Jane Austen,Owned,Audiobook,Romance; Classic Literature,Cozy,1813,
Sense and Sensibility,Jane Austen,Owned,Audiobook,Romance; Classic Literature,,1811,
Peter Pan,J. M. Barrie,Owned,Audiobook,Fantasy; Classic Literature,Adventurous; Cozy,1911,
Jeeves Collection,P. G. Wodehouse,Owned,Audiobook,Comedy,Cozy,1931,
Sherlock Holmes,Arthur Conan Doyle,Owned,Audiobook,Mystery & Thriller; Classic Literature,Adventurous,1892,
The Song of Achilles,Madeline Miller,Owned,Audiobook,Mythology,Bittersweet,2011,
Rebecca,Daphne du Maurier,Owned,Audiobook,Mystery & Thriller; Gothic,Dark & Moody; Suspenseful,1938,
Silas Marner,George Eliot,Owned,Audiobook,Classic Literature,Bittersweet,1800,
Animal Farm,George Orwell,Owned,Audiobook,Classic Literature,,1945,
1984,George Orwell,Owned,Audiobook,Sci-Fi; Classic Literature,,1949,
Dracula,Bram Stoker,Owned,Audiobook,Gothic; Horror,Dark & Moody,1897,
Sapiens,Yuval Noah Harari,Owned,Audiobook,Nonfiction,,2011,
Cosmos,Carl Sagan; Ann Druyan,Owned,Audiobook,Nonfiction,Cozy,1980,
Outgrowing God,Richard Dawkins,Owned,Audiobook,Philosophy,,2019,
Astrophysics for People in a Hurry,Neil deGrasse Tyson,Owned,Audiobook,Nonfiction,,2017,
Meditations,Marcus Aurelius,Owned,Audiobook,Philosophy,,2006,
The Dutch House,Ann Patchett,Owned,Audiobook,Classic Literature; Fiction,,2019,
Far from the Madding Crowd,Thomas Hardy,Owned,Audiobook,Romance; Classic Literature,,1874,
The Road,Cormac McCarthy,Owned,Audiobook,Sci-Fi; Classic Literature,Dark & Moody,2006,
Project Hail Mary,Andy Weir,Owned,Audiobook,Sci-Fi,Adventurous; Fast-paced,2021,
Paddington,Michael Bond,Owned,Audiobook,Children's; Classic Literature,Cozy,1960,
The Master and Margarita,Mikhail Bulgakov,Owned,Physical,Fantasy; Comedy,Thought-provoking,1966,
North and South,Elizabeth Gaskell,Owned,Physical,Romance; Historical Fiction,,1855,
Emma,Jane Austen,Owned,Audiobook,Romance; Classic Literature,Cozy,1815,
Alice's Adventures in Wonderland,Lewis Carroll,Owned,Audiobook,Fiction,Cozy,1865,
Anne of Green Gables,L. M. Montgomery,Owned,Audiobook,Fiction,Cozy,1908,
Carmilla,Sheridan Le Fanu,Owned,Audiobook,Gothic,Dark & Moody,1871,
Circe,Madeline Miller,Owned,Audiobook,Mythology,,2018,
Cosmicomics,Italo Calvino,Owned,Audiobook,Fiction,Cozy,1965,
Cranford,Elizabeth Gaskell,Owned,Audiobook,Fiction,Cozy,1853,
Frankenstein,Mary Shelley,Owned,Audiobook,Gothic,Dark & Moody,1818,
Heroes,Stephen Fry,Owned,Audiobook,Mythology,,2018,
Highland Fling,Nancy Mitford,Owned,Audiobook,Comedy,,1931,
The Hitchhiker's Guide to the Galaxy,Douglas Adams,Owned,Audiobook,Comedy,,1979,
If on a Winter's Night a Traveler,Italo Calvino,Owned,Audiobook,Fiction,Cozy,1979,
Invisible Cities,Italo Calvino,Owned,Audiobook,Fiction,Cozy,1972,
Jane Eyre,Charlotte Bronte,Owned,Audiobook,Gothic,Dark & Moody,1847,
The Strange Case of Dr Jekyll and Mr Hyde,Robert Louis Stevenson,Owned,Audiobook,Gothic,Dark & Moody,1875,
Joy in the Morning,P. G. Wodehouse,Owned,Audiobook,Comedy,,1946,
Just William,Richmal Crompton,Owned,Audiobook,Comedy,,1922,
Lonesome Dove,Larry McMurtry,Owned,Audiobook,Fiction,Adventurous,1985,
Mythos,Stephen Fry,Owned,Audiobook,Mythology,,2017,
The Age of Innocence,Edith Wharton,Owned,Audiobook,Fiction,,1920,
The Baron in the Trees,Italo Calvino,Owned,Audiobook,Fiction,Cozy,1957,
The Time Machine,H. G. Wells,Owned,Audiobook,Fiction,Adventurous,1895,
The Wonderful Wizard of Oz,L. Frank Baum,Owned,Audiobook,Fiction,Adventurous,1899,
Three Men in a Boat,Jerome K. Jerome,Owned,Audiobook,Comedy,,1889,
Through the Looking-Glass,Lewis Carroll,Owned,Audiobook,Fiction,Cozy,1865,
Tin Man,Sarah Winman,Owned,Audiobook,Fiction,,2018,
Tom Lake,Ann Patchett,Owned,Audiobook,Fiction,,2023,
Troy,Stephen Fry,Owned,Audiobook,Mythology,,2020,
Winter Holiday,Arthur Ransome,Owned,Audiobook,Fiction,Adventurous,1933,
Anna Karenina,Leo Tolstoy,Wishlist,Physical,Fiction,,1876,
Crime and Punishment,Fyodor Dostoevsky,Wishlist,Physical,Fiction,,1866,
In Search of Lost Time,Marcel Proust,Wishlist,Physical,Fiction,,1919,
The Magic Mountain,Thomas Mann,Wishlist,Physical,Fiction,,1924,
The Romanovs: 1613-1918,Simon Sebag Montefiore,Wishlist,Physical,Fiction,,2016,
Ulysses,James Joyce,Wishlist,Physical,Fiction,,1914,
White Nights,Fyodor Dostoevsky,Wishlist,Physical,Fiction,,1848,
